id,division id,division name,game id,date,start time,end time,field id,field name,home id,home name,home score,away id,away name,away score
164211,4285,U11/U12 Coed,,9/9/2023,08:30,10:00,452381,Robious Middle School 6 9v9,122699,U11U12C Team Bowser/Duncan,,125925,U11U12C Team Gates,
164212,4285,U11/U12 Coed,,9/9/2023,11:30,13:00,452381,Robious Middle School 6 9v9,122740,U11U12C Team Lassiter,,122700,U11U12C Team Raible/Pompello,
164213,4285,U11/U12 Coed,,9/9/2023,13:00,14:30,452381,Robious Middle School 6 9v9,122698,U11U12C Team Roberts/Waggener,,122697,U11U12C Team Fuller/Burgess,
164214,4285,U11/U12 Coed,,9/9/2023,14:45,16:15,439435,Horner Park 9,128778,U11U12C SOUTH Team Allen/Moffett,,131093,U11U12C SOUTH Team Mead,
164215,4285,U11/U12 Coed,,9/9/2023,16:00,17:30,452381,Robious Middle School 6 9v9,122726,U11U12C Team Ryan/Hennesey,,122701,U11U12C Team Hanger/Schirmer,
164216,4285,U11/U12 Coed,,9/16/2023,08:30,10:00,452381,Robious Middle School 6 9v9,125925,U11U12C Team Gates,,122701,U11U12C Team Hanger/Schirmer,
164217,4285,U11/U12 Coed,,9/16/2023,11:30,13:00,452381,Robious Middle School 6 9v9,122700,U11U12C Team Raible/Pompello,,128778,U11U12C SOUTH Team Allen/Moffett,
164218,4285,U11/U12 Coed,,9/16/2023,14:45,16:15,439435,Horner Park 9,122698,U11U12C Team Roberts/Waggener,,131093,U11U12C SOUTH Team Mead,
164219,4285,U11/U12 Coed,,9/16/2023,16:00,17:30,452381,Robious Middle School 6 9v9,122740,U11U12C Team Lassiter,,122726,U11U12C Team Ryan/Hennesey,
164220,4285,U11/U12 Coed,,9/16/2023,13:00,14:30,452381,Robious Middle School 6 9v9,122699,U11U12C Team Bowser/Duncan,,122697,U11U12C Team Fuller/Burgess,
164221,4285,U11/U12 Coed,,9/23/2023,14:45,16:15,439435,Horner Park 9,131093,U11U12C SOUTH Team Mead,,122700,U11U12C Team Raible/Pompello,
164222,4285,U11/U12 Coed,,9/23/2023,11:30,13:00,452381,Robious Middle School 6 9v9,125925,U11U12C Team Gates,,128778,U11U12C SOUTH Team Allen/Moffett,
164223,4285,U11/U12 Coed,,9/23/2023,13:00,14:30,452381,Robious Middle School 6 9v9,122698,U11U12C Team Roberts/Waggener,,122726,U11U12C Team Ryan/Hennesey,
164224,4285,U11/U12 Coed,,9/23/2023,16:00,17:30,452381,Robious Middle School 6 9v9,122697,U11U12C Team Fuller/Burgess,,122701,U11U12C Team Hanger/Schirmer,
164225,4285,U11/U12 Coed,,9/23/2023,08:30,10:00,452381,Robious Middle School 6 9v9,122740,U11U12C Team Lassiter,,122699,U11U12C Team Bowser/Duncan,
164226,4285,U11/U12 Coed,,9/30/2023,14:45,16:15,439435,Horner Park 9,128778,U11U12C SOUTH Team Allen/Moffett,,122701,U11U12C Team Hanger/Schirmer,
164227,4285,U11/U12 Coed,,9/30/2023,11:30,13:00,452381,Robious Middle School 6 9v9,122698,U11U12C Team Roberts/Waggener,,122699,U11U12C Team Bowser/Duncan,
164228,4285,U11/U12 Coed,,9/30/2023,13:00,14:30,452381,Robious Middle School 6 9v9,122726,U11U12C Team Ryan/Hennesey,,122700,U11U12C Team Raible/Pompello,
164229,4285,U11/U12 Coed,,9/30/2023,16:00,17:30,452381,Robious Middle School 6 9v9,131093,U11U12C SOUTH Team Mead,,122740,U11U12C Team Lassiter,
164230,4285,U11/U12 Coed,,9/30/2023,08:30,10:00,452381,Robious Middle School 6 9v9,122697,U11U12C Team Fuller/Burgess,,125925,U11U12C Team Gates,
164231,4285,U11/U12 Coed,,10/7/2023,16:00,17:30,452381,Robious Middle School 6 9v9,122701,U11U12C Team Hanger/Schirmer,,122697,U11U12C Team Fuller/Burgess,
164232,4285,U11/U12 Coed,,10/7/2023,11:30,13:00,452381,Robious Middle School 6 9v9,131093,U11U12C SOUTH Team Mead,,125925,U11U12C Team Gates,
164233,4285,U11/U12 Coed,,10/7/2023,14:45,16:15,439435,Horner Park 9,128778,U11U12C SOUTH Team Allen/Moffett,,122740,U11U12C Team Lassiter,
164234,4285,U11/U12 Coed,,10/7/2023,13:00,14:30,452381,Robious Middle School 6 9v9,122698,U11U12C Team Roberts/Waggener,,122700,U11U12C Team Raible/Pompello,
164235,4285,U11/U12 Coed,,10/7/2023,08:30,10:00,452381,Robious Middle School 6 9v9,122699,U11U12C Team Bowser/Duncan,,122726,U11U12C Team Ryan/Hennesey,
164236,4285,U11/U12 Coed,,10/14/2023,08:30,10:00,452381,Robious Middle School 6 9v9,122700,U11U12C Team Raible/Pompello,,122698,U11U12C Team Roberts/Waggener,
164237,4285,U11/U12 Coed,,10/14/2023,11:30,13:00,452381,Robious Middle School 6 9v9,125925,U11U12C Team Gates,,122740,U11U12C Team Lassiter,
164238,4285,U11/U12 Coed,,10/14/2023,13:00,14:30,452381,Robious Middle School 6 9v9,122726,U11U12C Team Ryan/Hennesey,,131093,U11U12C SOUTH Team Mead,
164239,4285,U11/U12 Coed,,10/14/2023,14:45,16:15,439435,Horner Park 9,122697,U11U12C Team Fuller/Burgess,,128778,U11U12C SOUTH Team Allen/Moffett,
164240,4285,U11/U12 Coed,,10/14/2023,16:00,17:30,452381,Robious Middle School 6 9v9,122701,U11U12C Team Hanger/Schirmer,,122699,U11U12C Team Bowser/Duncan,
164241,4285,U11/U12 Coed,,10/21/2023,08:30,10:00,452381,Robious Middle School 6 9v9,122697,U11U12C Team Fuller/Burgess,,122699,U11U12C Team Bowser/Duncan,
164242,4285,U11/U12 Coed,,10/21/2023,14:45,16:15,439435,Horner Park 9,128778,U11U12C SOUTH Team Allen/Moffett,,122726,U11U12C Team Ryan/Hennesey,
164243,4285,U11/U12 Coed,,10/21/2023,13:00,14:30,452381,Robious Middle School 6 9v9,122701,U11U12C Team Hanger/Schirmer,,125925,U11U12C Team Gates,
164244,4285,U11/U12 Coed,,10/21/2023,11:30,13:00,452381,Robious Middle School 6 9v9,122698,U11U12C Team Roberts/Waggener,,122740,U11U12C Team Lassiter,
164245,4285,U11/U12 Coed,,10/21/2023,16:00,17:30,452381,Robious Middle School 6 9v9,122700,U11U12C Team Raible/Pompello,,131093,U11U12C SOUTH Team Mead,
164246,4285,U11/U12 Coed,,10/28/2023,08:30,10:00,452381,Robious Middle School 6 9v9,122701,U11U12C Team Hanger/Schirmer,,122698,U11U12C Team Roberts/Waggener,
164247,4285,U11/U12 Coed,,10/28/2023,11:30,13:00,452381,Robious Middle School 6 9v9,122700,U11U12C Team Raible/Pompello,,125925,U11U12C Team Gates,
164248,4285,U11/U12 Coed,,10/28/2023,14:45,16:15,439435,Horner Park 9,128778,U11U12C SOUTH Team Allen/Moffett,,131093,U11U12C SOUTH Team Mead,
164249,4285,U11/U12 Coed,,10/28/2023,13:00,14:30,452381,Robious Middle School 6 9v9,122726,U11U12C Team Ryan/Hennesey,,122697,U11U12C Team Fuller/Burgess,
164250,4285,U11/U12 Coed,,10/28/2023,16:00,17:30,452381,Robious Middle School 6 9v9,122699,U11U12C Team Bowser/Duncan,,122740,U11U12C Team Lassiter,
163591,4274,U5 Girls,,9/9/2023,10:30,11:30,454843,Robious Middle School 9D 3v3,120941,U5G Team Rocawich,,121206,U5G Team Peltz/Harrell,
163592,4274,U5 Girls,,9/9/2023,11:30,12:30,454843,Robious Middle School 9D 3v3,128638,U5G Team Ahmad,,121205,U5G Team Hester/Horgan,
163593,4274,U5 Girls,,9/16/2023,10:30,11:30,454843,Robious Middle School 9D 3v3,121206,U5G Team Peltz/Harrell,,128638,U5G Team Ahmad,
163594,4274,U5 Girls,,9/16/2023,11:30,12:30,454843,Robious Middle School 9D 3v3,121205,U5G Team Hester/Horgan,,120941,U5G Team Rocawich,
163595,4274,U5 Girls,,9/23/2023,11:30,12:30,454843,Robious Middle School 9D 3v3,128638,U5G Team Ahmad,,120941,U5G Team Rocawich,
163596,4274,U5 Girls,,9/23/2023,10:30,11:30,454843,Robious Middle School 9D 3v3,121206,U5G Team Peltz/Harrell,,121205,U5G Team Hester/Horgan,
163597,4274,U5 Girls,,9/30/2023,10:30,11:30,454843,Robious Middle School 9D 3v3,120941,U5G Team Rocawich,,128638,U5G Team Ahmad,
163598,4274,U5 Girls,,9/30/2023,11:30,12:30,454843,Robious Middle School 9D 3v3,121205,U5G Team Hester/Horgan,,121206,U5G Team Peltz/Harrell,
163599,4274,U5 Girls,,10/7/2023,10:30,11:30,454843,Robious Middle School 9D 3v3,128638,U5G Team Ahmad,,121206,U5G Team Peltz/Harrell,
163600,4274,U5 Girls,,10/7/2023,11:30,12:30,454843,Robious Middle School 9D 3v3,120941,U5G Team Rocawich,,121205,U5G Team Hester/Horgan,
163601,4274,U5 Girls,,10/14/2023,10:30,11:30,454843,Robious Middle School 9D 3v3,121206,U5G Team Peltz/Harrell,,120941,U5G Team Rocawich,
163602,4274,U5 Girls,,10/14/2023,11:30,12:30,454843,Robious Middle School 9D 3v3,121205,U5G Team Hester/Horgan,,128638,U5G Team Ahmad,
163603,4274,U5 Girls,,10/21/2023,11:30,12:30,454843,Robious Middle School 9D 3v3,120941,U5G Team Rocawich,,128638,U5G Team Ahmad,
163604,4274,U5 Girls,,10/21/2023,10:30,11:30,454843,Robious Middle School 9D 3v3,121205,U5G Team Hester/Horgan,,121206,U5G Team Peltz/Harrell,
163605,4274,U5 Girls,,10/28/2023,10:30,11:30,454843,Robious Middle School 9D 3v3,128638,U5G Team Ahmad,,121205,U5G Team Hester/Horgan,
163606,4274,U5 Girls,,10/28/2023,11:30,12:30,454843,Robious Middle School 9D 3v3,121206,U5G Team Peltz/Harrell,,120941,U5G Team Rocawich,
163986,5022,U5 Coed,,9/9/2023,11:30,12:30,454842,Robious Middle School 9C 3v3,128244,U5C Team Sieber/Chamberlain,,139999,U5C Dubay Friday 5:30,
163987,5022,U5 Coed,,9/9/2023,12:30,13:30,454842,Robious Middle School 9C 3v3,121207,U5C Team Dennis,,132370,U5C Team Rich,
163988,5022,U5 Coed,,9/9/2023,13:30,14:30,454842,Robious Middle School 9C 3v3,121223,U5C Team Marsh,,133783,U5C Team Leach,
163990,5022,U5 Coed,,9/16/2023,11:30,12:30,454842,Robious Middle School 9C 3v3,121207,U5C Team Dennis,,121223,U5C Team Marsh,
163991,5022,U5 Coed,,9/16/2023,12:30,13:30,454842,Robious Middle School 9C 3v3,128244,U5C Team Sieber/Chamberlain,,130721,U5C Team Cosby/Pearson,
163992,5022,U5 Coed,,9/16/2023,13:30,14:30,454842,Robious Middle School 9C 3v3,132370,U5C Team Rich,,133783,U5C Team Leach,
163994,5022,U5 Coed,,9/23/2023,11:30,12:30,454842,Robious Middle School 9C 3v3,121223,U5C Team Marsh,,128244,U5C Team Sieber/Chamberlain,
163995,5022,U5 Coed,,9/23/2023,12:30,13:30,454842,Robious Middle School 9C 3v3,139999,U5C Dubay Friday 5:30,,133783,U5C Team Leach,
163997,5022,U5 Coed,,9/23/2023,13:30,14:30,454842,Robious Middle School 9C 3v3,121207,U5C Team Dennis,,130721,U5C Team Cosby/Pearson,
163998,5022,U5 Coed,,9/30/2023,11:30,12:30,454842,Robious Middle School 9C 3v3,133783,U5C Team Leach,,128244,U5C Team Sieber/Chamberlain,
164000,5022,U5 Coed,,9/30/2023,12:30,13:30,454842,Robious Middle School 9C 3v3,139999,U5C Dubay Friday 5:30,,121207,U5C Team Dennis,
164001,5022,U5 Coed,,9/30/2023,13:30,14:30,454842,Robious Middle School 9C 3v3,130721,U5C Team Cosby/Pearson,,132370,U5C Team Rich,
164002,5022,U5 Coed,,10/7/2023,11:30,12:30,454842,Robious Middle School 9C 3v3,130721,U5C Team Cosby/Pearson,,139999,U5C Dubay Friday 5:30,
164004,5022,U5 Coed,,10/7/2023,12:30,13:30,454842,Robious Middle School 9C 3v3,132370,U5C Team Rich,,121223,U5C Team Marsh,
164005,5022,U5 Coed,,10/7/2023,13:30,14:30,454842,Robious Middle School 9C 3v3,133783,U5C Team Leach,,121207,U5C Team Dennis,
164006,5022,U5 Coed,,10/14/2023,11:30,12:30,454842,Robious Middle School 9C 3v3,139999,U5C Dubay Friday 5:30,,132370,U5C Team Rich,
164007,5022,U5 Coed,,10/14/2023,12:30,13:30,454842,Robious Middle School 9C 3v3,130721,U5C Team Cosby/Pearson,,121223,U5C Team Marsh,
164009,5022,U5 Coed,,10/14/2023,13:30,14:30,454842,Robious Middle School 9C 3v3,128244,U5C Team Sieber/Chamberlain,,121207,U5C Team Dennis,
164010,5022,U5 Coed,,10/21/2023,11:30,12:30,454842,Robious Middle School 9C 3v3,132370,U5C Team Rich,,128244,U5C Team Sieber/Chamberlain,
164011,5022,U5 Coed,,10/21/2023,12:30,13:30,454842,Robious Middle School 9C 3v3,121223,U5C Team Marsh,,139999,U5C Dubay Friday 5:30,
164012,5022,U5 Coed,,10/21/2023,13:30,14:30,454842,Robious Middle School 9C 3v3,133783,U5C Team Leach,,130721,U5C Team Cosby/Pearson,
164015,5022,U5 Coed,,10/28/2023,11:30,12:30,454842,Robious Middle School 9C 3v3,121223,U5C Team Marsh,,121207,U5C Team Dennis,
164016,5022,U5 Coed,,10/28/2023,12:30,13:30,454842,Robious Middle School 9C 3v3,139999,U5C Dubay Friday 5:30,,130721,U5C Team Cosby/Pearson,
164017,5022,U5 Coed,,10/28/2023,13:30,14:30,454842,Robious Middle School 9C 3v3,128244,U5C Team Sieber/Chamberlain,,133783,U5C Team Leach,
164020,5022,U5 Coed,,11/4/2023,12:30,13:30,454842,Robious Middle School 9C 3v3,132370,U5C Team Rich,,128244,U5C Team Sieber/Chamberlain,
164023,5022,U5 Coed,,11/4/2023,10:30,11:30,454842,Robious Middle School 9C 3v3,132370,U5C Team Rich,,121207,U5C Team Dennis,
164024,5022,U5 Coed,,11/4/2023,11:30,12:30,454842,Robious Middle School 9C 3v3,121223,U5C Team Marsh,,130721,U5C Team Cosby/Pearson,
164025,5022,U5 Coed,,11/4/2023,13:30,14:30,454842,Robious Middle School 9C 3v3,133783,U5C Team Leach,,139999,U5C Dubay Friday 5:30,
164026,4281,U6 Coed,,9/9/2023,13:30,14:30,454846,Robious Middle School 9F 3v3,121386,U6C Team Endy Monday 5:30 R8D,,130470,U6C Team Fairclough,
164027,4281,U6 Coed,,9/9/2023,10:30,11:30,478675,Horner Park 8 A 3v3,123789,U5U6C SOUTH Team Loughrey,,130085,U5U6C SOUTH Team Roque/Halpin,
164028,4281,U6 Coed,,9/9/2023,13:30,14:30,454843,Robious Middle School 9D 3v3,131677,U6C Team Edwards Friday 5:30 R8C,,133771,U6C Team Montoya,
164029,4281,U6 Coed,,9/9/2023,12:30,13:30,454843,Robious Middle School 9D 3v3,132740,U6C Team Bowman Friday 5:30 R8A,,121385,U6C Team Marano/Chamberlain,
164030,4281,U6 Coed,,9/9/2023,11:30,12:30,454846,Robious Middle School 9F 3v3,136649,U6C Team Innes,,133770,U6C Team Hall,
164031,4281,U6 Coed,,9/9/2023,10:30,11:30,454846,Robious Middle School 9F 3v3,122529,U6C Team Gallagher,,129425,U6C Team Ellmore Wednesday 5:30 8B,
164032,4281,U6 Coed,,9/9/2023,12:30,13:30,454846,Robious Middle School 9F 3v3,121388,U6C Team Franklin/Malhotra,,121387,U6C Team Swenck,
164033,4281,U6 Coed,,9/16/2023,13:30,14:30,454843,Robious Middle School 9D 3v3,121387,U6C Team Swenck,,123789,U5U6C SOUTH Team Loughrey,
164034,4281,U6 Coed,,9/16/2023,10:30,11:30,454846,Robious Middle School 9F 3v3,130470,U6C Team Fairclough,,129425,U6C Team Ellmore Wednesday 5:30 8B,
164035,4281,U6 Coed,,9/16/2023,10:30,11:30,478675,Horner Park 8 A 3v3,133770,U6C Team Hall,,130085,U5U6C SOUTH Team Roque/Halpin,
164036,4281,U6 Coed,,9/16/2023,12:30,13:30,454843,Robious Middle School 9D 3v3,132740,U6C Team Bowman Friday 5:30 R8A,,133771,U6C Team Montoya,
164037,4281,U6 Coed,,9/16/2023,12:30,13:30,454846,Robious Middle School 9F 3v3,131677,U6C Team Edwards Friday 5:30 R8C,,136649,U6C Team Innes,
164038,4281,U6 Coed,,9/16/2023,11:30,12:30,454846,Robious Middle School 9F 3v3,122529,U6C Team Gallagher,,121385,U6C Team Marano/Chamberlain,
164039,4281,U6 Coed,,9/16/2023,13:30,14:30,454846,Robious Middle School 9F 3v3,121388,U6C Team Franklin/Malhotra,,121386,U6C Team Endy Monday 5:30 R8D,
164040,4281,U6 Coed,,9/23/2023,13:30,14:30,454846,Robious Middle School 9F 3v3,130470,U6C Team Fairclough,,122529,U6C Team Gallagher,
164041,4281,U6 Coed,,9/23/2023,11:30,12:30,454846,Robious Middle School 9F 3v3,133771,U6C Team Montoya,,121386,U6C Team Endy Monday 5:30 R8D,
164042,4281,U6 Coed,,9/23/2023,10:30,11:30,454846,Robious Middle School 9F 3v3,121385,U6C Team Marano/Chamberlain,,129425,U6C Team Ellmore Wednesday 5:30 8B,
164043,4281,U6 Coed,,9/23/2023,12:30,13:30,454843,Robious Middle School 9D 3v3,131677,U6C Team Edwards Friday 5:30 R8C,,133770,U6C Team Hall,
164044,4281,U6 Coed,,9/23/2023,10:30,11:30,478675,Horner Park 8 A 3v3,132740,U6C Team Bowman Friday 5:30 R8A,,123789,U5U6C SOUTH Team Loughrey,
164045,4281,U6 Coed,,9/23/2023,13:30,14:30,454843,Robious Middle School 9D 3v3,136649,U6C Team Innes,,121388,U6C Team Franklin/Malhotra,
164046,4281,U6 Coed,,9/23/2023,12:30,13:30,454846,Robious Middle School 9F 3v3,130085,U5U6C SOUTH Team Roque/Halpin,,121387,U6C Team Swenck,
164047,4281,U6 Coed,,9/30/2023,10:30,11:30,454846,Robious Middle School 9F 3v3,130470,U6C Team Fairclough,,121388,U6C Team Franklin/Malhotra,
164048,4281,U6 Coed,,9/30/2023,10:30,11:30,478675,Horner Park 8 A 3v3,123789,U5U6C SOUTH Team Loughrey,,136649,U6C Team Innes,
164049,4281,U6 Coed,,9/30/2023,11:30,12:30,454846,Robious Middle School 9F 3v3,121387,U6C Team Swenck,,122529,U6C Team Gallagher,
164050,4281,U6 Coed,,9/30/2023,12:30,13:30,454843,Robious Middle School 9D 3v3,129425,U6C Team Ellmore Wednesday 5:30 8B,,132740,U6C Team Bowman Friday 5:30 R8A,
164051,4281,U6 Coed,,9/30/2023,12:30,13:30,454846,Robious Middle School 9F 3v3,133771,U6C Team Montoya,,133770,U6C Team Hall,
164052,4281,U6 Coed,,9/30/2023,13:30,14:30,454843,Robious Middle School 9D 3v3,121385,U6C Team Marano/Chamberlain,,131677,U6C Team Edwards Friday 5:30 R8C,
164053,4281,U6 Coed,,9/30/2023,13:30,14:30,454846,Robious Middle School 9F 3v3,121386,U6C Team Endy Monday 5:30 R8D,,130085,U5U6C SOUTH Team Roque/Halpin,
164054,4281,U6 Coed,,10/7/2023,10:30,11:30,454846,Robious Middle School 9F 3v3,121387,U6C Team Swenck,,130470,U6C Team Fairclough,
164055,4281,U6 Coed,,10/7/2023,13:30,14:30,454843,Robious Middle School 9D 3v3,133770,U6C Team Hall,,121385,U6C Team Marano/Chamberlain,
164056,4281,U6 Coed,,10/7/2023,11:30,12:30,454846,Robious Middle School 9F 3v3,131677,U6C Team Edwards Friday 5:30 R8C,,132740,U6C Team Bowman Friday 5:30 R8A,
164057,4281,U6 Coed,,10/7/2023,12:30,13:30,454843,Robious Middle School 9D 3v3,133771,U6C Team Montoya,,123789,U5U6C SOUTH Team Loughrey,
164058,4281,U6 Coed,,10/7/2023,12:30,13:30,454846,Robious Middle School 9F 3v3,129425,U6C Team Ellmore Wednesday 5:30 8B,,136649,U6C Team Innes,
164059,4281,U6 Coed,,10/7/2023,10:30,11:30,478675,Horner Park 8 A 3v3,130085,U5U6C SOUTH Team Roque/Halpin,,121388,U6C Team Franklin/Malhotra,
164060,4281,U6 Coed,,10/7/2023,13:30,14:30,454846,Robious Middle School 9F 3v3,122529,U6C Team Gallagher,,121386,U6C Team Endy Monday 5:30 R8D,
164061,4281,U6 Coed,,10/14/2023,10:30,11:30,454846,Robious Middle School 9F 3v3,136649,U6C Team Innes,,130470,U6C Team Fairclough,
164062,4281,U6 Coed,,10/14/2023,13:30,14:30,454846,Robious Middle School 9F 3v3,121388,U6C Team Franklin/Malhotra,,132740,U6C Team Bowman Friday 5:30 R8A,
164063,4281,U6 Coed,,10/14/2023,11:30,12:30,454846,Robious Middle School 9F 3v3,123789,U5U6C SOUTH Team Loughrey,,131677,U6C Team Edwards Friday 5:30 R8C,
164064,4281,U6 Coed,,10/14/2023,12:30,13:30,454843,Robious Middle School 9D 3v3,133770,U6C Team Hall,,129425,U6C Team Ellmore Wednesday 5:30 8B,
164065,4281,U6 Coed,,10/14/2023,12:30,13:30,454846,Robious Middle School 9F 3v3,121386,U6C Team Endy Monday 5:30 R8D,,121385,U6C Team Marano/Chamberlain,
164066,4281,U6 Coed,,10/14/2023,13:30,14:30,454843,Robious Middle School 9D 3v3,133771,U6C Team Montoya,,121387,U6C Team Swenck,
164067,4281,U6 Coed,,10/14/2023,10:30,11:30,478675,Horner Park 8 A 3v3,130085,U5U6C SOUTH Team Roque/Halpin,,122529,U6C Team Gallagher,
164068,4281,U6 Coed,,10/21/2023,10:30,11:30,454846,Robious Middle School 9F 3v3,130085,U5U6C SOUTH Team Roque/Halpin,,136649,U6C Team Innes,
164069,4281,U6 Coed,,10/21/2023,12:30,13:30,454843,Robious Middle School 9D 3v3,130470,U6C Team Fairclough,,132740,U6C Team Bowman Friday 5:30 R8A,
164070,4281,U6 Coed,,10/21/2023,13:30,14:30,454846,Robious Middle School 9F 3v3,131677,U6C Team Edwards Friday 5:30 R8C,,121388,U6C Team Franklin/Malhotra,
164071,4281,U6 Coed,,10/21/2023,10:30,11:30,478675,Horner Park 8 A 3v3,129425,U6C Team Ellmore Wednesday 5:30 8B,,123789,U5U6C SOUTH Team Loughrey,
164072,4281,U6 Coed,,10/21/2023,12:30,13:30,454846,Robious Middle School 9F 3v3,133770,U6C Team Hall,,121386,U6C Team Endy Monday 5:30 R8D,
164073,4281,U6 Coed,,10/21/2023,13:30,14:30,454843,Robious Middle School 9D 3v3,121387,U6C Team Swenck,,121385,U6C Team Marano/Chamberlain,
164074,4281,U6 Coed,,10/21/2023,11:30,12:30,454846,Robious Middle School 9F 3v3,122529,U6C Team Gallagher,,133771,U6C Team Montoya,
164075,4281,U6 Coed,,10/28/2023,10:30,11:30,454846,Robious Middle School 9F 3v3,121385,U6C Team Marano/Chamberlain,,122529,U6C Team Gallagher,
164076,4281,U6 Coed,,10/28/2023,11:30,12:30,454846,Robious Middle School 9F 3v3,136649,U6C Team Innes,,133771,U6C Team Montoya,
164077,4281,U6 Coed,,10/28/2023,10:30,11:30,478675,Horner Park 8 A 3v3,123789,U5U6C SOUTH Team Loughrey,,130085,U5U6C SOUTH Team Roque/Halpin,
164078,4281,U6 Coed,,10/28/2023,13:30,14:30,454846,Robious Middle School 9F 3v3,130470,U6C Team Fairclough,,131677,U6C Team Edwards Friday 5:30 R8C,
164079,4281,U6 Coed,,10/28/2023,12:30,13:30,454846,Robious Middle School 9F 3v3,121388,U6C Team Franklin/Malhotra,,129425,U6C Team Ellmore Wednesday 5:30 8B,
164080,4281,U6 Coed,,10/28/2023,13:30,14:30,454843,Robious Middle School 9D 3v3,132740,U6C Team Bowman Friday 5:30 R8A,,121386,U6C Team Endy Monday 5:30 R8D,
164081,4281,U6 Coed,,10/28/2023,12:30,13:30,454843,Robious Middle School 9D 3v3,133770,U6C Team Hall,,121387,U6C Team Swenck,
164371,4282,U7 Coed,,9/9/2023,15:00,16:15,454847,Robious Middle School 8C 4v4,121532,U7C Team Leffler/Stumborg,,121390,U7C Team Ortiz,
164372,4282,U7 Coed,,9/9/2023,12:30,13:45,454847,Robious Middle School 8C 4v4,121529,U7C Team Rouba,,122739,U7C Team Duncan/Gerdes,
164373,4282,U7 Coed,,9/9/2023,13:45,15:00,454847,Robious Middle School 8C 4v4,121528,U7C Team Tandett,,128347,U7C Team Glickman/Cosby,
164374,4282,U7 Coed,,9/9/2023,11:15,12:30,454847,Robious Middle School 8C 4v4,121527,U7C Team Jackson/Bochman,,128246,U7C Team Ramirez,
164375,4282,U7 Coed,,9/9/2023,15:00,16:15,454848,Robious Middle School 8D 4v4,121531,U7C Team Peltz,,121530,U7C Team Martin/Arflin,
164376,4282,U7 Coed,,9/16/2023,12:30,13:45,454847,Robious Middle School 8C 4v4,121531,U7C Team Peltz,,121527,U7C Team Jackson/Bochman,
164377,4282,U7 Coed,,9/16/2023,11:15,12:30,454847,Robious Middle School 8C 4v4,122739,U7C Team Duncan/Gerdes,,121528,U7C Team Tandett,
164378,4282,U7 Coed,,9/16/2023,13:45,15:00,454847,Robious Middle School 8C 4v4,121390,U7C Team Ortiz,,121529,U7C Team Rouba,
164380,4282,U7 Coed,,9/16/2023,15:00,16:15,454847,Robious Middle School 8C 4v4,121532,U7C Team Leffler/Stumborg,,132676,U7C Team Mills/Allen Tues,
164381,4282,U7 Coed,,9/16/2023,15:00,16:15,454848,Robious Middle School 8D 4v4,128347,U7C Team Glickman/Cosby,,128246,U7C Team Ramirez,
164382,4282,U7 Coed,,9/23/2023,11:15,12:30,454847,Robious Middle School 8C 4v4,128347,U7C Team Glickman/Cosby,,121530,U7C Team Martin/Arflin,
164383,4282,U7 Coed,,9/23/2023,15:00,16:15,454847,Robious Middle School 8C 4v4,121527,U7C Team Jackson/Bochman,,122739,U7C Team Duncan/Gerdes,
164385,4282,U7 Coed,,9/23/2023,13:45,15:00,454847,Robious Middle School 8C 4v4,121532,U7C Team Leffler/Stumborg,,121528,U7C Team Tandett,
164386,4282,U7 Coed,,9/23/2023,12:30,13:45,454847,Robious Middle School 8C 4v4,132676,U7C Team Mills/Allen Tues,,121529,U7C Team Rouba,
164387,4282,U7 Coed,,9/23/2023,15:00,16:15,454848,Robious Middle School 8D 4v4,128246,U7C Team Ramirez,,121531,U7C Team Peltz,
164388,4282,U7 Coed,,9/30/2023,11:15,12:30,454847,Robious Middle School 8C 4v4,121529,U7C Team Rouba,,121532,U7C Team Leffler/Stumborg,
164389,4282,U7 Coed,,9/30/2023,12:30,13:45,454847,Robious Middle School 8C 4v4,121530,U7C Team Martin/Arflin,,121390,U7C Team Ortiz,
164391,4282,U7 Coed,,9/30/2023,15:00,16:15,454848,Robious Middle School 8D 4v4,128347,U7C Team Glickman/Cosby,,121527,U7C Team Jackson/Bochman,
164392,4282,U7 Coed,,9/30/2023,15:00,16:15,454847,Robious Middle School 8C 4v4,128246,U7C Team Ramirez,,132676,U7C Team Mills/Allen Tues,
164393,4282,U7 Coed,,9/30/2023,13:45,15:00,454847,Robious Middle School 8C 4v4,121528,U7C Team Tandett,,121531,U7C Team Peltz,
164394,4282,U7 Coed,,10/7/2023,15:00,16:15,454848,Robious Middle School 8D 4v4,121390,U7C Team Ortiz,,128246,U7C Team Ramirez,
164395,4282,U7 Coed,,10/7/2023,12:30,13:45,454847,Robious Middle School 8C 4v4,122739,U7C Team Duncan/Gerdes,,121531,U7C Team Peltz,
164396,4282,U7 Coed,,10/7/2023,13:45,15:00,454847,Robious Middle School 8C 4v4,132676,U7C Team Mills/Allen Tues,,128347,U7C Team Glickman/Cosby,
164397,4282,U7 Coed,,10/7/2023,15:00,16:15,454847,Robious Middle School 8C 4v4,121532,U7C Team Leffler/Stumborg,,121527,U7C Team Jackson/Bochman,
164398,4282,U7 Coed,,10/7/2023,11:15,12:30,454847,Robious Middle School 8C 4v4,121530,U7C Team Martin/Arflin,,121529,U7C Team Rouba,
164400,4282,U7 Coed,,10/14/2023,13:45,15:00,454847,Robious Middle School 8C 4v4,128347,U7C Team Glickman/Cosby,,121531,U7C Team Peltz,
164401,4282,U7 Coed,,10/14/2023,15:00,16:15,454847,Robious Middle School 8C 4v4,121530,U7C Team Martin/Arflin,,121532,U7C Team Leffler/Stumborg,
164403,4282,U7 Coed,,10/14/2023,11:15,12:30,454847,Robious Middle School 8C 4v4,121390,U7C Team Ortiz,,121528,U7C Team Tandett,
164404,4282,U7 Coed,,10/14/2023,12:30,13:45,454847,Robious Middle School 8C 4v4,128246,U7C Team Ramirez,,122739,U7C Team Duncan/Gerdes,
164405,4282,U7 Coed,,10/14/2023,15:00,16:15,454848,Robious Middle School 8D 4v4,132676,U7C Team Mills/Allen Tues,,121527,U7C Team Jackson/Bochman,
164406,4282,U7 Coed,,10/21/2023,15:00,16:15,454847,Robious Middle School 8C 4v4,132676,U7C Team Mills/Allen Tues,,121390,U7C Team Ortiz,
164408,4282,U7 Coed,,10/21/2023,12:30,13:45,454847,Robious Middle School 8C 4v4,122739,U7C Team Duncan/Gerdes,,121532,U7C Team Leffler/Stumborg,
164409,4282,U7 Coed,,10/21/2023,11:15,12:30,454847,Robious Middle School 8C 4v4,128246,U7C Team Ramirez,,121530,U7C Team Martin/Arflin,
164410,4282,U7 Coed,,10/21/2023,13:45,15:00,454847,Robious Middle School 8C 4v4,121529,U7C Team Rouba,,128347,U7C Team Glickman/Cosby,
164411,4282,U7 Coed,,10/21/2023,15:00,16:15,454848,Robious Middle School 8D 4v4,121527,U7C Team Jackson/Bochman,,121528,U7C Team Tandett,
164412,4282,U7 Coed,,10/28/2023,11:15,12:30,454847,Robious Middle School 8C 4v4,121529,U7C Team Rouba,,128246,U7C Team Ramirez,
164413,4282,U7 Coed,,10/28/2023,12:30,13:45,454847,Robious Middle School 8C 4v4,121390,U7C Team Ortiz,,128347,U7C Team Glickman/Cosby,
164414,4282,U7 Coed,,10/28/2023,15:00,16:15,454847,Robious Middle School 8C 4v4,121528,U7C Team Tandett,,132676,U7C Team Mills/Allen Tues,
164415,4282,U7 Coed,,10/28/2023,13:45,15:00,454847,Robious Middle School 8C 4v4,121530,U7C Team Martin/Arflin,,122739,U7C Team Duncan/Gerdes,
164417,4282,U7 Coed,,10/28/2023,15:00,16:15,454848,Robious Middle School 8D 4v4,121531,U7C Team Peltz,,121532,U7C Team Leffler/Stumborg,
164418,4282,U7 Coed,,11/4/2023,11:15,12:30,454847,Robious Middle School 8C 4v4,122739,U7C Team Duncan/Gerdes,,132676,U7C Team Mills/Allen Tues,
164420,4282,U7 Coed,,11/4/2023,13:45,15:00,454847,Robious Middle School 8C 4v4,121531,U7C Team Peltz,,121390,U7C Team Ortiz,
164422,4282,U7 Coed,,11/4/2023,15:00,16:15,454847,Robious Middle School 8C 4v4,121528,U7C Team Tandett,,121530,U7C Team Martin/Arflin,
164423,4282,U7 Coed,,11/4/2023,12:30,13:45,454847,Robious Middle School 8C 4v4,121527,U7C Team Jackson/Bochman,,121529,U7C Team Rouba,
164082,4276,U7 Girls,,9/9/2023,13:45,15:00,454848,Robious Middle School 8D 4v4,121391,U7G Team Criscitiello/Barker/Ellestad,,120648,U7G Team Jacquet/Wildes,
164083,4276,U7 Girls,,9/9/2023,11:15,12:30,454848,Robious Middle School 8D 4v4,133772,U7G Team Montoya/Miles,,126544,U7G Team Johnson/Howard/Dewey,
164084,4276,U7 Girls,,9/9/2023,12:30,13:45,454848,Robious Middle School 8D 4v4,129629,U7G Team Esper/Lara,,123787,U7G Team Leone,
164085,4276,U7 Girls,,9/16/2023,11:15,12:30,454848,Robious Middle School 8D 4v4,120648,U7G Team Jacquet/Wildes,,126544,U7G Team Johnson/Howard/Dewey,
164086,4276,U7 Girls,,9/16/2023,12:30,13:45,454848,Robious Middle School 8D 4v4,123787,U7G Team Leone,,121391,U7G Team Criscitiello/Barker/Ellestad,
164087,4276,U7 Girls,,9/16/2023,13:45,15:00,454848,Robious Middle School 8D 4v4,129629,U7G Team Esper/Lara,,133772,U7G Team Montoya/Miles,
164088,4276,U7 Girls,,9/23/2023,11:15,12:30,454848,Robious Middle School 8D 4v4,126544,U7G Team Johnson/Howard/Dewey,,121391,U7G Team Criscitiello/Barker/Ellestad,
164089,4276,U7 Girls,,9/23/2023,12:30,13:45,454848,Robious Middle School 8D 4v4,133772,U7G Team Montoya/Miles,,123787,U7G Team Leone,
164090,4276,U7 Girls,,9/23/2023,13:45,15:00,454848,Robious Middle School 8D 4v4,129629,U7G Team Esper/Lara,,120648,U7G Team Jacquet/Wildes,
164091,4276,U7 Girls,,9/30/2023,11:15,12:30,454848,Robious Middle School 8D 4v4,120648,U7G Team Jacquet/Wildes,,133772,U7G Team Montoya/Miles,
164092,4276,U7 Girls,,9/30/2023,12:30,13:45,454848,Robious Middle School 8D 4v4,121391,U7G Team Criscitiello/Barker/Ellestad,,129629,U7G Team Esper/Lara,
164093,4276,U7 Girls,,9/30/2023,13:45,15:00,454848,Robious Middle School 8D 4v4,123787,U7G Team Leone,,126544,U7G Team Johnson/Howard/Dewey,
164094,4276,U7 Girls,,10/7/2023,12:30,13:45,454848,Robious Middle School 8D 4v4,126544,U7G Team Johnson/Howard/Dewey,,129629,U7G Team Esper/Lara,
164095,4276,U7 Girls,,10/7/2023,11:15,12:30,454848,Robious Middle School 8D 4v4,121391,U7G Team Criscitiello/Barker/Ellestad,,133772,U7G Team Montoya/Miles,
164096,4276,U7 Girls,,10/7/2023,13:45,15:00,454848,Robious Middle School 8D 4v4,120648,U7G Team Jacquet/Wildes,,123787,U7G Team Leone,
164097,4276,U7 Girls,,10/14/2023,11:15,12:30,454848,Robious Middle School 8D 4v4,133772,U7G Team Montoya/Miles,,120648,U7G Team Jacquet/Wildes,
164098,4276,U7 Girls,,10/14/2023,12:30,13:45,454848,Robious Middle School 8D 4v4,123787,U7G Team Leone,,129629,U7G Team Esper/Lara,
164099,4276,U7 Girls,,10/14/2023,13:45,15:00,454848,Robious Middle School 8D 4v4,121391,U7G Team Criscitiello/Barker/Ellestad,,126544,U7G Team Johnson/Howard/Dewey,
164100,4276,U7 Girls,,10/21/2023,11:15,12:30,454848,Robious Middle School 8D 4v4,126544,U7G Team Johnson/Howard/Dewey,,123787,U7G Team Leone,
164101,4276,U7 Girls,,10/21/2023,12:30,13:45,454848,Robious Middle School 8D 4v4,120648,U7G Team Jacquet/Wildes,,129629,U7G Team Esper/Lara,
164102,4276,U7 Girls,,10/21/2023,13:45,15:00,454848,Robious Middle School 8D 4v4,133772,U7G Team Montoya/Miles,,121391,U7G Team Criscitiello/Barker/Ellestad,
164103,4276,U7 Girls,,10/28/2023,12:30,13:45,454848,Robious Middle School 8D 4v4,126544,U7G Team Johnson/Howard/Dewey,,133772,U7G Team Montoya/Miles,
164104,4276,U7 Girls,,10/28/2023,13:45,15:00,454848,Robious Middle School 8D 4v4,123787,U7G Team Leone,,120648,U7G Team Jacquet/Wildes,
164105,4276,U7 Girls,,10/28/2023,11:15,12:30,454848,Robious Middle School 8D 4v4,129629,U7G Team Esper/Lara,,121391,U7G Team Criscitiello/Barker/Ellestad,
164106,4277,U8 Girls,,9/9/2023,10:30,11:30,478677,Horner Park 8 B 4v4,129266,U7U8G SOUTH Team Clark/Kincaid,,121543,U7U8G SOUTH Team Morris/Brohl Thurs,
164107,4277,U8 Girls,,9/9/2023,11:15,12:30,454849,Robious Middle School 8A 4v4,117250,U8G Team Hoverman/Porada,,121540,U8G Team Heindel/Hutton,
164108,4277,U8 Girls,,9/9/2023,15:00,16:15,454849,Robious Middle School 8A 4v4,117255,U8G Team Gomes/Krafcik,,121541,U8G Team Fuqua/Talley,
164109,4277,U8 Girls,,9/9/2023,13:45,15:00,454849,Robious Middle School 8A 4v4,117245,U8G Team Humes,,123785,U8G Team Antoline/Grisham,
164110,4277,U8 Girls,,9/9/2023,12:30,13:45,454849,Robious Middle School 8A 4v4,125387,U8G Team Harrell,,123784,U8G Team Oliver,
164111,4277,U8 Girls,,9/16/2023,10:30,11:30,478677,Horner Park 8 B 4v4,121543,U7U8G SOUTH Team Morris/Brohl Thurs,,117255,U8G Team Gomes/Krafcik,
164112,4277,U8 Girls,,9/16/2023,13:45,15:00,454849,Robious Middle School 8A 4v4,125387,U8G Team Harrell,,123784,U8G Team Oliver,
164113,4277,U8 Girls,,9/16/2023,12:30,13:45,454849,Robious Middle School 8A 4v4,123785,U8G Team Antoline/Grisham,,121541,U8G Team Fuqua/Talley,
164114,4277,U8 Girls,,9/16/2023,11:15,12:30,454849,Robious Middle School 8A 4v4,117250,U8G Team Hoverman/Porada,,129266,U7U8G SOUTH Team Clark/Kincaid,
164115,4277,U8 Girls,,9/16/2023,15:00,16:15,454849,Robious Middle School 8A 4v4,121540,U8G Team Heindel/Hutton,,117245,U8G Team Humes,
164116,4277,U8 Girls,,9/23/2023,13:45,15:00,454849,Robious Middle School 8A 4v4,125387,U8G Team Harrell,,121541,U8G Team Fuqua/Talley,
164117,4277,U8 Girls,,9/23/2023,12:30,13:45,454849,Robious Middle School 8A 4v4,123785,U8G Team Antoline/Grisham,,121540,U8G Team Heindel/Hutton,
164118,4277,U8 Girls,,9/23/2023,10:30,11:30,478677,Horner Park 8 B 4v4,123784,U8G Team Oliver,,129266,U7U8G SOUTH Team Clark/Kincaid,
164119,4277,U8 Girls,,9/23/2023,11:15,12:30,454849,Robious Middle School 8A 4v4,121543,U7U8G SOUTH Team Morris/Brohl Thurs,,117250,U8G Team Hoverman/Porada,
164120,4277,U8 Girls,,9/23/2023,15:00,16:15,454849,Robious Middle School 8A 4v4,117245,U8G Team Humes,,117255,U8G Team Gomes/Krafcik,
164121,4277,U8 Girls,,9/30/2023,09:30,10:30,478677,Horner Park 8 B 4v4,129266,U7U8G SOUTH Team Clark/Kincaid,,117250,U8G Team Hoverman/Porada,
164122,4277,U8 Girls,,9/30/2023,12:30,13:45,454849,Robious Middle School 8A 4v4,117255,U8G Team Gomes/Krafcik,,123784,U8G Team Oliver,
164123,4277,U8 Girls,,9/30/2023,11:15,12:30,454849,Robious Middle School 8A 4v4,121543,U7U8G SOUTH Team Morris/Brohl Thurs,,121540,U8G Team Heindel/Hutton,
164124,4277,U8 Girls,,9/30/2023,13:45,15:00,454849,Robious Middle School 8A 4v4,123785,U8G Team Antoline/Grisham,,125387,U8G Team Harrell,
164125,4277,U8 Girls,,9/30/2023,15:00,16:15,454849,Robious Middle School 8A 4v4,121541,U8G Team Fuqua/Talley,,117245,U8G Team Humes,
164126,4277,U8 Girls,,10/7/2023,12:30,13:45,454849,Robious Middle School 8A 4v4,129266,U7U8G SOUTH Team Clark/Kincaid,,121541,U8G Team Fuqua/Talley,
164127,4277,U8 Girls,,10/7/2023,11:15,12:30,454849,Robious Middle School 8A 4v4,123785,U8G Team Antoline/Grisham,,117250,U8G Team Hoverman/Porada,
164128,4277,U8 Girls,,10/7/2023,15:00,16:15,454849,Robious Middle School 8A 4v4,123784,U8G Team Oliver,,125387,U8G Team Harrell,
164129,4277,U8 Girls,,10/7/2023,13:45,15:00,454849,Robious Middle School 8A 4v4,121540,U8G Team Heindel/Hutton,,117255,U8G Team Gomes/Krafcik,
164130,4277,U8 Girls,,10/7/2023,10:30,11:30,478677,Horner Park 8 B 4v4,121543,U7U8G SOUTH Team Morris/Brohl Thurs,,117245,U8G Team Humes,
164131,4277,U8 Girls,,10/14/2023,10:30,11:30,478677,Horner Park 8 B 4v4,121541,U8G Team Fuqua/Talley,,121543,U7U8G SOUTH Team Morris/Brohl Thurs,
164132,4277,U8 Girls,,10/14/2023,13:45,15:00,454849,Robious Middle School 8A 4v4,117245,U8G Team Humes,,125387,U8G Team Harrell,
164133,4277,U8 Girls,,10/14/2023,12:30,13:45,454849,Robious Middle School 8A 4v4,117250,U8G Team Hoverman/Porada,,117255,U8G Team Gomes/Krafcik,
164134,4277,U8 Girls,,10/14/2023,11:15,12:30,454849,Robious Middle School 8A 4v4,121540,U8G Team Heindel/Hutton,,129266,U7U8G SOUTH Team Clark/Kincaid,
164135,4277,U8 Girls,,10/14/2023,15:00,16:15,454849,Robious Middle School 8A 4v4,123784,U8G Team Oliver,,123785,U8G Team Antoline/Grisham,
164136,4277,U8 Girls,,10/21/2023,11:15,12:30,454849,Robious Middle School 8A 4v4,123784,U8G Team Oliver,,121540,U8G Team Heindel/Hutton,
164137,4277,U8 Girls,,10/21/2023,12:30,13:45,454849,Robious Middle School 8A 4v4,125387,U8G Team Harrell,,129266,U7U8G SOUTH Team Clark/Kincaid,
164138,4277,U8 Girls,,10/21/2023,10:30,11:30,478677,Horner Park 8 B 4v4,121543,U7U8G SOUTH Team Morris/Brohl Thurs,,123785,U8G Team Antoline/Grisham,
164139,4277,U8 Girls,,10/21/2023,13:45,15:00,454849,Robious Middle School 8A 4v4,117255,U8G Team Gomes/Krafcik,,117245,U8G Team Humes,
164140,4277,U8 Girls,,10/21/2023,15:00,16:15,454849,Robious Middle School 8A 4v4,117250,U8G Team Hoverman/Porada,,121541,U8G Team Fuqua/Talley,
164141,4277,U8 Girls,,10/28/2023,15:00,16:15,454849,Robious Middle School 8A 4v4,123784,U8G Team Oliver,,121541,U8G Team Fuqua/Talley,
164142,4277,U8 Girls,,10/28/2023,12:30,13:45,454849,Robious Middle School 8A 4v4,121540,U8G Team Heindel/Hutton,,125387,U8G Team Harrell,
164143,4277,U8 Girls,,10/28/2023,10:30,11:30,478677,Horner Park 8 B 4v4,129266,U7U8G SOUTH Team Clark/Kincaid,,121543,U7U8G SOUTH Team Morris/Brohl Thurs,
164144,4277,U8 Girls,,10/28/2023,13:45,15:00,454849,Robious Middle School 8A 4v4,123785,U8G Team Antoline/Grisham,,117255,U8G Team Gomes/Krafcik,
164145,4277,U8 Girls,,10/28/2023,11:15,12:30,454849,Robious Middle School 8A 4v4,117245,U8G Team Humes,,117250,U8G Team Hoverman/Porada,
164147,4284,U9/U10 Coed,,9/9/2023,13:15,14:30,439433,Horner Park 6,122836,U9U10C SOUTH Team Campbell/Batta,,128857,U9U10C SOUTH Team Wells,
164148,4284,U9/U10 Coed,,9/9/2023,14:30,15:45,454837,Robious Middle School 7A 7v7,129282,U9U10C Team Gambill/Berger,,134960,U9U10C Team Morgan/Ricks,
164149,4284,U9/U10 Coed,,9/9/2023,12:00,13:15,454837,Robious Middle School 7A 7v7,121557,U9U10C Team Glickman/Jones,,121555,U9U10C Team Connell/Green,
164150,4284,U9/U10 Coed,,9/9/2023,13:15,14:30,454837,Robious Middle School 7A 7v7,128152,U9U10C Team Podolny/Howard/Sberna,,121554,U9U10C Team Paulis/Dreyfus,
164151,4284,U9/U10 Coed,,9/9/2023,09:30,10:45,454837,Robious Middle School 7A 7v7,133040,U9U10C Team Bisharat/Britton,,121556,U9U10C Team White,
164152,4284,U9/U10 Coed,,9/9/2023,10:45,12:00,454837,Robious Middle School 7A 7v7,133834,U9U10C Team Vela/Collier,,127129,U9U10C Team Hanger/Cosby,
164153,4284,U9/U10 Coed,,9/9/2023,15:45,17:00,454837,Robious Middle School 7A 7v7,133009,U9U10C Team Cason,,133498,U9U10C Team Juergens/Fuller,
164154,4284,U9/U10 Coed,,9/9/2023,15:45,17:00,454838,Robious Middle School 7B 7v7,121553,U9U10C Team Maxwell/Cotter,,133144,U9U10C Team Boone/Johnston,
164155,4284,U9/U10 Coed,,9/16/2023,09:30,10:45,454837,Robious Middle School 7A 7v7,134960,U9U10C Team Morgan/Ricks,,121556,U9U10C Team White,
164156,4284,U9/U10 Coed,,9/16/2023,12:00,13:15,454837,Robious Middle School 7A 7v7,127129,U9U10C Team Hanger/Cosby,,121555,U9U10C Team Connell/Green,
164157,4284,U9/U10 Coed,,9/16/2023,10:45,12:00,454837,Robious Middle School 7A 7v7,121553,U9U10C Team Maxwell/Cotter,,121554,U9U10C Team Paulis/Dreyfus,
164158,4284,U9/U10 Coed,,9/16/2023,13:15,14:30,439433,Horner Park 6,122836,U9U10C SOUTH Team Campbell/Batta,,133040,U9U10C Team Bisharat/Britton,
164159,4284,U9/U10 Coed,,9/16/2023,13:15,14:30,454837,Robious Middle School 7A 7v7,121557,U9U10C Team Glickman/Jones,,133009,U9U10C Team Cason,
164160,4284,U9/U10 Coed,,9/16/2023,14:30,15:45,454837,Robious Middle School 7A 7v7,128857,U9U10C SOUTH Team Wells,,133834,U9U10C Team Vela/Collier,
164161,4284,U9/U10 Coed,,9/16/2023,15:45,17:00,454837,Robious Middle School 7A 7v7,133498,U9U10C Team Juergens/Fuller,,128152,U9U10C Team Podolny/Howard/Sberna,
164162,4284,U9/U10 Coed,,9/16/2023,15:45,17:00,454838,Robious Middle School 7B 7v7,129282,U9U10C Team Gambill/Berger,,133144,U9U10C Team Boone/Johnston,
164163,4284,U9/U10 Coed,,9/23/2023,13:15,14:30,439433,Horner Park 6,121554,U9U10C Team Paulis/Dreyfus,,122836,U9U10C SOUTH Team Campbell/Batta,
164164,4284,U9/U10 Coed,,9/23/2023,10:45,12:00,454837,Robious Middle School 7A 7v7,133040,U9U10C Team Bisharat/Britton,,128857,U9U10C SOUTH Team Wells,
164165,4284,U9/U10 Coed,,9/23/2023,12:00,13:15,454837,Robious Middle School 7A 7v7,121555,U9U10C Team Connell/Green,,121553,U9U10C Team Maxwell/Cotter,
164166,4284,U9/U10 Coed,,9/23/2023,13:15,14:30,454837,Robious Middle School 7A 7v7,134960,U9U10C Team Morgan/Ricks,,127129,U9U10C Team Hanger/Cosby,
164167,4284,U9/U10 Coed,,9/23/2023,09:30,10:45,454837,Robious Middle School 7A 7v7,121556,U9U10C Team White,,133498,U9U10C Team Juergens/Fuller,
164168,4284,U9/U10 Coed,,9/23/2023,15:45,17:00,454838,Robious Middle School 7B 7v7,128152,U9U10C Team Podolny/Howard/Sberna,,133009,U9U10C Team Cason,
164169,4284,U9/U10 Coed,,9/23/2023,15:45,17:00,454837,Robious Middle School 7A 7v7,133144,U9U10C Team Boone/Johnston,,121557,U9U10C Team Glickman/Jones,
164170,4284,U9/U10 Coed,,9/23/2023,14:30,15:45,454837,Robious Middle School 7A 7v7,129282,U9U10C Team Gambill/Berger,,133834,U9U10C Team Vela/Collier,
164171,4284,U9/U10 Coed,,9/30/2023,09:30,10:45,454837,Robious Middle School 7A 7v7,133834,U9U10C Team Vela/Collier,,121557,U9U10C Team Glickman/Jones,
164172,4284,U9/U10 Coed,,9/30/2023,14:30,15:45,454837,Robious Middle School 7A 7v7,134960,U9U10C Team Morgan/Ricks,,121553,U9U10C Team Maxwell/Cotter,
164173,4284,U9/U10 Coed,,9/30/2023,12:00,13:15,454837,Robious Middle School 7A 7v7,128857,U9U10C SOUTH Team Wells,,121554,U9U10C Team Paulis/Dreyfus,
164174,4284,U9/U10 Coed,,9/30/2023,15:45,17:00,454837,Robious Middle School 7A 7v7,133498,U9U10C Team Juergens/Fuller,,121555,U9U10C Team Connell/Green,
164175,4284,U9/U10 Coed,,9/30/2023,15:45,17:00,454838,Robious Middle School 7B 7v7,133009,U9U10C Team Cason,,121556,U9U10C Team White,
164176,4284,U9/U10 Coed,,9/30/2023,10:45,12:00,454837,Robious Middle School 7A 7v7,128152,U9U10C Team Podolny/Howard/Sberna,,133144,U9U10C Team Boone/Johnston,
164177,4284,U9/U10 Coed,,9/30/2023,13:15,14:30,439433,Horner Park 6,122836,U9U10C SOUTH Team Campbell/Batta,,127129,U9U10C Team Hanger/Cosby,
164178,4284,U9/U10 Coed,,9/30/2023,13:15,14:30,454837,Robious Middle School 7A 7v7,133040,U9U10C Team Bisharat/Britton,,129282,U9U10C Team Gambill/Berger,
164179,4284,U9/U10 Coed,,10/7/2023,09:30,10:45,454837,Robious Middle School 7A 7v7,121554,U9U10C Team Paulis/Dreyfus,,121557,U9U10C Team Glickman/Jones,
164180,4284,U9/U10 Coed,,10/7/2023,10:45,12:00,454837,Robious Middle School 7A 7v7,128152,U9U10C Team Podolny/Howard/Sberna,,133040,U9U10C Team Bisharat/Britton,
164181,4284,U9/U10 Coed,,10/7/2023,15:45,17:00,454838,Robious Middle School 7B 7v7,133834,U9U10C Team Vela/Collier,,121556,U9U10C Team White,
164182,4284,U9/U10 Coed,,10/7/2023,13:15,14:30,454837,Robious Middle School 7A 7v7,133144,U9U10C Team Boone/Johnston,,127129,U9U10C Team Hanger/Cosby,
164183,4284,U9/U10 Coed,,10/7/2023,14:30,15:45,454837,Robious Middle School 7A 7v7,133009,U9U10C Team Cason,,121553,U9U10C Team Maxwell/Cotter,
164184,4284,U9/U10 Coed,,10/7/2023,13:15,14:30,439433,Horner Park 6,133498,U9U10C Team Juergens/Fuller,,134960,U9U10C Team Morgan/Ricks,
164185,4284,U9/U10 Coed,,10/7/2023,15:45,17:00,454837,Robious Middle School 7A 7v7,128857,U9U10C SOUTH Team Wells,,122836,U9U10C SOUTH Team Campbell/Batta,
164186,4284,U9/U10 Coed,,10/7/2023,12:00,13:15,454837,Robious Middle School 7A 7v7,121555,U9U10C Team Connell/Green,,129282,U9U10C Team Gambill/Berger,
164187,4284,U9/U10 Coed,,10/14/2023,09:30,10:45,454837,Robious Middle School 7A 7v7,121554,U9U10C Team Paulis/Dreyfus,,129282,U9U10C Team Gambill/Berger,
164188,4284,U9/U10 Coed,,10/14/2023,10:45,12:00,454837,Robious Middle School 7A 7v7,121557,U9U10C Team Glickman/Jones,,133040,U9U10C Team Bisharat/Britton,
164189,4284,U9/U10 Coed,,10/14/2023,12:00,13:15,454837,Robious Middle School 7A 7v7,121555,U9U10C Team Connell/Green,,121556,U9U10C Team White,
164190,4284,U9/U10 Coed,,10/14/2023,13:15,14:30,454837,Robious Middle School 7A 7v7,127129,U9U10C Team Hanger/Cosby,,133009,U9U10C Team Cason,
164191,4284,U9/U10 Coed,,10/14/2023,15:45,17:00,454837,Robious Middle School 7A 7v7,133144,U9U10C Team Boone/Johnston,,121553,U9U10C Team Maxwell/Cotter,
164192,4284,U9/U10 Coed,,10/14/2023,14:30,15:45,454837,Robious Middle School 7A 7v7,122836,U9U10C SOUTH Team Campbell/Batta,,134960,U9U10C Team Morgan/Ricks,
164193,4284,U9/U10 Coed,,10/14/2023,12:00,13:15,439433,Horner Park 6,133498,U9U10C Team Juergens/Fuller,,128857,U9U10C SOUTH Team Wells,
164194,4284,U9/U10 Coed,,10/14/2023,15:45,17:00,454838,Robious Middle School 7B 7v7,133834,U9U10C Team Vela/Collier,,128152,U9U10C Team Podolny/Howard/Sberna,
164195,4284,U9/U10 Coed,,10/21/2023,14:30,15:45,454837,Robious Middle School 7A 7v7,121555,U9U10C Team Connell/Green,,128152,U9U10C Team Podolny/Howard/Sberna,
164196,4284,U9/U10 Coed,,10/21/2023,10:45,12:00,454837,Robious Middle School 7A 7v7,121556,U9U10C Team White,,121554,U9U10C Team Paulis/Dreyfus,
164197,4284,U9/U10 Coed,,10/21/2023,15:45,17:00,454838,Robious Middle School 7B 7v7,127129,U9U10C Team Hanger/Cosby,,133040,U9U10C Team Bisharat/Britton,
164198,4284,U9/U10 Coed,,10/21/2023,13:15,14:30,454837,Robious Middle School 7A 7v7,121553,U9U10C Team Maxwell/Cotter,,133834,U9U10C Team Vela/Collier,
164199,4284,U9/U10 Coed,,10/21/2023,13:15,14:30,439433,Horner Park 6,133144,U9U10C Team Boone/Johnston,,122836,U9U10C SOUTH Team Campbell/Batta,
164200,4284,U9/U10 Coed,,10/21/2023,09:30,10:45,454837,Robious Middle School 7A 7v7,128857,U9U10C SOUTH Team Wells,,133009,U9U10C Team Cason,
164201,4284,U9/U10 Coed,,10/21/2023,15:45,17:00,454837,Robious Middle School 7A 7v7,134960,U9U10C Team Morgan/Ricks,,121557,U9U10C Team Glickman/Jones,
164202,4284,U9/U10 Coed,,10/21/2023,12:00,13:15,454837,Robious Middle School 7A 7v7,129282,U9U10C Team Gambill/Berger,,133498,U9U10C Team Juergens/Fuller,
164203,4284,U9/U10 Coed,,10/28/2023,14:30,15:45,454837,Robious Middle School 7A 7v7,121557,U9U10C Team Glickman/Jones,,133498,U9U10C Team Juergens/Fuller,
164204,4284,U9/U10 Coed,,10/28/2023,10:45,12:00,454837,Robious Middle School 7A 7v7,128152,U9U10C Team Podolny/Howard/Sberna,,134960,U9U10C Team Morgan/Ricks,
164205,4284,U9/U10 Coed,,10/28/2023,12:00,13:15,454837,Robious Middle School 7A 7v7,121556,U9U10C Team White,,121555,U9U10C Team Connell/Green,
164206,4284,U9/U10 Coed,,10/28/2023,13:15,14:30,454837,Robious Middle School 7A 7v7,121554,U9U10C Team Paulis/Dreyfus,,127129,U9U10C Team Hanger/Cosby,
164207,4284,U9/U10 Coed,,10/28/2023,09:30,10:45,454837,Robious Middle School 7A 7v7,133040,U9U10C Team Bisharat/Britton,,121553,U9U10C Team Maxwell/Cotter,
164208,4284,U9/U10 Coed,,10/28/2023,12:00,13:15,439433,Horner Park 6,122836,U9U10C SOUTH Team Campbell/Batta,,128857,U9U10C SOUTH Team Wells,
164209,4284,U9/U10 Coed,,10/28/2023,15:45,17:00,454837,Robious Middle School 7A 7v7,133834,U9U10C Team Vela/Collier,,133144,U9U10C Team Boone/Johnston,
164210,4284,U9/U10 Coed,,10/28/2023,15:45,17:00,454838,Robious Middle School 7B 7v7,133009,U9U10C Team Cason,,129282,U9U10C Team Gambill/Berger,
164424,4278,U9/U10 Girls,,9/9/2023,13:15,14:30,454838,Robious Middle School 7B 7v7,121598,U9U10G Team Cushing/Vanderhyde,,121596,U9U10G Team Pavell/Simoncelli,
164426,4278,U9/U10 Girls,,9/9/2023,12:00,13:15,454838,Robious Middle School 7B 7v7,121618,U9U10G Team King/Oremland/Becker,,120655,U9U10G Team Jacquet/Wildes,
164427,4278,U9/U10 Girls,,9/9/2023,12:00,13:15,439433,Horner Park 6,121625,U9U10G SOUTH Team Sansbury,,122848,U9U10G Team Camann/Pecora,
164428,4278,U9/U10 Girls,,9/9/2023,14:30,15:45,454838,Robious Middle School 7B 7v7,121622,U9U10G Team Hennesey/Rouba,,121620,U9U10G Team Leone/North,
164429,4278,U9/U10 Girls,,9/16/2023,13:15,14:30,454838,Robious Middle School 7B 7v7,122848,U9U10G Team Camann/Pecora,,121596,U9U10G Team Pavell/Simoncelli,
164430,4278,U9/U10 Girls,,9/16/2023,12:00,13:15,454838,Robious Middle School 7B 7v7,121622,U9U10G Team Hennesey/Rouba,,121598,U9U10G Team Cushing/Vanderhyde,
164432,4278,U9/U10 Girls,,9/16/2023,14:30,15:45,454838,Robious Middle School 7B 7v7,121620,U9U10G Team Leone/North,,121618,U9U10G Team King/Oremland/Becker,
164433,4278,U9/U10 Girls,,9/16/2023,12:00,13:15,439433,Horner Park 6,121625,U9U10G SOUTH Team Sansbury,,121599,U9U10G Team Lakov/Marano,
164435,4278,U9/U10 Girls,,9/23/2023,12:00,13:15,454838,Robious Middle School 7B 7v7,121596,U9U10G Team Pavell/Simoncelli,,120655,U9U10G Team Jacquet/Wildes,
164436,4278,U9/U10 Girls,,9/23/2023,13:15,14:30,454838,Robious Middle School 7B 7v7,122848,U9U10G Team Camann/Pecora,,121599,U9U10G Team Lakov/Marano,
164437,4278,U9/U10 Girls,,9/23/2023,12:00,13:15,439433,Horner Park 6,121625,U9U10G SOUTH Team Sansbury,,121598,U9U10G Team Cushing/Vanderhyde,
164438,4278,U9/U10 Girls,,9/23/2023,14:30,15:45,454838,Robious Middle School 7B 7v7,121620,U9U10G Team Leone/North,,121622,U9U10G Team Hennesey/Rouba,
164439,4278,U9/U10 Girls,,11/4/2023,14:30,15:45,454838,Robious Middle School 7B 7v7,121622,U9U10G Team Hennesey/Rouba,,121625,U9U10G SOUTH Team Sansbury,
164440,4278,U9/U10 Girls,,11/4/2023,12:00,13:15,454838,Robious Middle School 7B 7v7,120655,U9U10G Team Jacquet/Wildes,,121598,U9U10G Team Cushing/Vanderhyde,
164442,4278,U9/U10 Girls,,11/4/2023,13:15,14:30,454838,Robious Middle School 7B 7v7,121618,U9U10G Team King/Oremland/Becker,,121596,U9U10G Team Pavell/Simoncelli,
164443,4278,U9/U10 Girls,,11/4/2023,10:45,12:00,454838,Robious Middle School 7B 7v7,121599,U9U10G Team Lakov/Marano,,121620,U9U10G Team Leone/North,
164445,4278,U9/U10 Girls,,10/7/2023,12:00,13:15,454838,Robious Middle School 7B 7v7,121620,U9U10G Team Leone/North,,120655,U9U10G Team Jacquet/Wildes,
164446,4278,U9/U10 Girls,,10/7/2023,13:15,14:30,454838,Robious Middle School 7B 7v7,121599,U9U10G Team Lakov/Marano,,122848,U9U10G Team Camann/Pecora,
164447,4278,U9/U10 Girls,,10/7/2023,12:00,13:15,439433,Horner Park 6,121598,U9U10G Team Cushing/Vanderhyde,,121625,U9U10G SOUTH Team Sansbury,
164448,4278,U9/U10 Girls,,10/7/2023,14:30,15:45,454838,Robious Middle School 7B 7v7,121622,U9U10G Team Hennesey/Rouba,,121618,U9U10G Team King/Oremland/Becker,
164449,4278,U9/U10 Girls,,10/14/2023,14:30,15:45,454838,Robious Middle School 7B 7v7,120655,U9U10G Team Jacquet/Wildes,,121622,U9U10G Team Hennesey/Rouba,
164450,4278,U9/U10 Girls,,10/14/2023,12:00,13:15,454838,Robious Middle School 7B 7v7,121599,U9U10G Team Lakov/Marano,,122848,U9U10G Team Camann/Pecora,
164452,4278,U9/U10 Girls,,10/14/2023,13:15,14:30,454838,Robious Middle School 7B 7v7,121598,U9U10G Team Cushing/Vanderhyde,,121618,U9U10G Team King/Oremland/Becker,
164453,4278,U9/U10 Girls,,10/14/2023,13:15,14:30,439433,Horner Park 6,121625,U9U10G SOUTH Team Sansbury,,121596,U9U10G Team Pavell/Simoncelli,
164454,4278,U9/U10 Girls,,10/21/2023,14:30,15:45,454838,Robious Middle School 7B 7v7,121596,U9U10G Team Pavell/Simoncelli,,120655,U9U10G Team Jacquet/Wildes,
164455,4278,U9/U10 Girls,,10/21/2023,12:00,13:15,439433,Horner Park 6,121625,U9U10G SOUTH Team Sansbury,,121622,U9U10G Team Hennesey/Rouba,
164457,4278,U9/U10 Girls,,10/21/2023,13:15,14:30,454838,Robious Middle School 7B 7v7,122848,U9U10G Team Camann/Pecora,,121620,U9U10G Team Leone/North,
164458,4278,U9/U10 Girls,,10/21/2023,12:00,13:15,454838,Robious Middle School 7B 7v7,121618,U9U10G Team King/Oremland/Becker,,121599,U9U10G Team Lakov/Marano,
164459,4278,U9/U10 Girls,,10/28/2023,14:30,15:45,454838,Robious Middle School 7B 7v7,122848,U9U10G Team Camann/Pecora,,121599,U9U10G Team Lakov/Marano,
164460,4278,U9/U10 Girls,,10/28/2023,12:00,13:15,454838,Robious Middle School 7B 7v7,120655,U9U10G Team Jacquet/Wildes,,121620,U9U10G Team Leone/North,
164462,4278,U9/U10 Girls,,10/28/2023,13:15,14:30,454838,Robious Middle School 7B 7v7,121596,U9U10G Team Pavell/Simoncelli,,121598,U9U10G Team Cushing/Vanderhyde,
164463,4278,U9/U10 Girls,,10/28/2023,13:15,14:30,439433,Horner Park 6,121618,U9U10G Team King/Oremland/Becker,,121625,U9U10G SOUTH Team Sansbury,
164465,4278,U9/U10 Girls,,9/30/2023,12:00,13:15,454838,Robious Middle School 7B 7v7,121599,U9U10G Team Lakov/Marano,,121620,U9U10G Team Leone/North,
164466,4278,U9/U10 Girls,,9/30/2023,13:15,14:30,454838,Robious Middle School 7B 7v7,121596,U9U10G Team Pavell/Simoncelli,,121598,U9U10G Team Cushing/Vanderhyde,
164467,4278,U9/U10 Girls,,9/30/2023,12:00,13:15,439433,Horner Park 6,121618,U9U10G Team King/Oremland/Becker,,122848,U9U10G Team Camann/Pecora,
164468,4278,U9/U10 Girls,,9/30/2023,14:30,15:45,454838,Robious Middle School 7B 7v7,120655,U9U10G Team Jacquet/Wildes,,121622,U9U10G Team Hennesey/Rouba,
164251,4279,U11/U12 Girls,,9/9/2023,14:30,16:00,452381,Robious Middle School 6 9v9,128012,U11U12G Team Green,,122687,U11U12G Team Hensley/Noll,
164252,4279,U11/U12 Girls,,9/9/2023,10:00,11:30,452381,Robious Middle School 6 9v9,133920,U11U12G Team North/Lane,,122688,U11U12G Team Tanner/Wright,
164253,4279,U11/U12 Girls,,9/16/2023,10:00,11:30,452381,Robious Middle School 6 9v9,122687,U11U12G Team Hensley/Noll,,133920,U11U12G Team North/Lane,
164254,4279,U11/U12 Girls,,9/16/2023,14:30,16:00,452381,Robious Middle School 6 9v9,122688,U11U12G Team Tanner/Wright,,128012,U11U12G Team Green,
164255,4279,U11/U12 Girls,,9/23/2023,10:00,11:30,452381,Robious Middle School 6 9v9,133920,U11U12G Team North/Lane,,128012,U11U12G Team Green,
164256,4279,U11/U12 Girls,,9/23/2023,14:30,16:00,452381,Robious Middle School 6 9v9,122688,U11U12G Team Tanner/Wright,,122687,U11U12G Team Hensley/Noll,
164257,4279,U11/U12 Girls,,9/30/2023,10:00,11:30,452381,Robious Middle School 6 9v9,128012,U11U12G Team Green,,122688,U11U12G Team Tanner/Wright,
164258,4279,U11/U12 Girls,,9/30/2023,14:30,16:00,452381,Robious Middle School 6 9v9,133920,U11U12G Team North/Lane,,122687,U11U12G Team Hensley/Noll,
164259,4279,U11/U12 Girls,,10/7/2023,10:00,11:30,452381,Robious Middle School 6 9v9,122687,U11U12G Team Hensley/Noll,,128012,U11U12G Team Green,
164260,4279,U11/U12 Girls,,10/7/2023,14:30,16:00,452381,Robious Middle School 6 9v9,122688,U11U12G Team Tanner/Wright,,133920,U11U12G Team North/Lane,
164261,4279,U11/U12 Girls,,10/14/2023,14:30,16:00,452381,Robious Middle School 6 9v9,122687,U11U12G Team Hensley/Noll,,133920,U11U12G Team North/Lane,
164262,4279,U11/U12 Girls,,10/14/2023,10:00,11:30,452381,Robious Middle School 6 9v9,122688,U11U12G Team Tanner/Wright,,128012,U11U12G Team Green,
164263,4279,U11/U12 Girls,,10/21/2023,10:00,11:30,452381,Robious Middle School 6 9v9,128012,U11U12G Team Green,,122687,U11U12G Team Hensley/Noll,
164264,4279,U11/U12 Girls,,10/21/2023,14:30,16:00,452381,Robious Middle School 6 9v9,133920,U11U12G Team North/Lane,,122688,U11U12G Team Tanner/Wright,
164265,4279,U11/U12 Girls,,10/28/2023,10:00,11:30,452381,Robious Middle School 6 9v9,128012,U11U12G Team Green,,133920,U11U12G Team North/Lane,
164266,4279,U11/U12 Girls,,10/28/2023,14:30,16:00,452381,Robious Middle School 6 9v9,122687,U11U12G Team Hensley/Noll,,122688,U11U12G Team Tanner/Wright,
164267,4283,U8 Coed,,9/9/2023,13:45,15:00,454850,Robious Middle School 8B 4v4,121549,U8C Team Gates/Connell,,117247,U8C Team Swenck,
164268,4283,U8 Coed,,9/9/2023,15:00,16:15,454850,Robious Middle School 8B 4v4,121551,U8C Team Horgan/Wahl,,121545,U8C Team Jones/Cosby,
164269,4283,U8 Coed,,9/9/2023,12:30,13:45,454850,Robious Middle School 8B 4v4,121550,U8C Team Gallagher /Amirshahi,,121546,U8C Team Hall/Lee,
164270,4283,U8 Coed,,9/9/2023,10:00,11:15,454850,Robious Middle School 8B 4v4,121544,U8C Team Piracci/Mueller,,121547,U8C Team Pavell/Kennedy,
164271,4283,U8 Coed,,9/9/2023,09:30,10:30,478677,Horner Park 8 B 4v4,124219,U7U8C SOUTH Team Poutier/Moffett,,131652,U7U8C SOUTH Team Trivette,
164272,4283,U8 Coed,,9/9/2023,11:15,12:30,454850,Robious Middle School 8B 4v4,137031,U8C Team Helms/Welchel,,121552,U8C Team Wright/Davis,
164274,4283,U8 Coed,,9/16/2023,15:00,16:15,454850,Robious Middle School 8B 4v4,121545,U8C Team Jones/Cosby,,121547,U8C Team Pavell/Kennedy,
164275,4283,U8 Coed,,9/16/2023,10:00,11:15,454850,Robious Middle School 8B 4v4,121549,U8C Team Gates/Connell,,121550,U8C Team Gallagher /Amirshahi,
164276,4283,U8 Coed,,9/16/2023,11:15,12:30,454850,Robious Middle School 8B 4v4,121552,U8C Team Wright/Davis,,117247,U8C Team Swenck,
164277,4283,U8 Coed,,9/16/2023,12:30,13:45,454850,Robious Middle School 8B 4v4,131652,U7U8C SOUTH Team Trivette,,121548,U8C Team Hensley,
164278,4283,U8 Coed,,9/16/2023,13:45,15:00,454850,Robious Middle School 8B 4v4,121544,U8C Team Piracci/Mueller,,137031,U8C Team Helms/Welchel,
164279,4283,U8 Coed,,9/16/2023,09:30,10:30,478677,Horner Park 8 B 4v4,121546,U8C Team Hall/Lee,,124219,U7U8C SOUTH Team Poutier/Moffett,
164281,4283,U8 Coed,,9/23/2023,13:45,15:00,454850,Robious Middle School 8B 4v4,117247,U8C Team Swenck,,121547,U8C Team Pavell/Kennedy,
164282,4283,U8 Coed,,9/23/2023,10:00,11:15,454850,Robious Middle School 8B 4v4,121548,U8C Team Hensley,,124219,U7U8C SOUTH Team Poutier/Moffett,
164283,4283,U8 Coed,,9/23/2023,11:15,12:30,454850,Robious Middle School 8B 4v4,137031,U8C Team Helms/Welchel,,121545,U8C Team Jones/Cosby,
164284,4283,U8 Coed,,9/23/2023,12:30,13:45,454850,Robious Middle School 8B 4v4,121551,U8C Team Horgan/Wahl,,121552,U8C Team Wright/Davis,
164286,4283,U8 Coed,,9/23/2023,09:30,10:30,478677,Horner Park 8 B 4v4,131652,U7U8C SOUTH Team Trivette,,121550,U8C Team Gallagher /Amirshahi,
164287,4283,U8 Coed,,9/23/2023,15:00,16:15,454850,Robious Middle School 8B 4v4,121546,U8C Team Hall/Lee,,121549,U8C Team Gates/Connell,
164288,4283,U8 Coed,,9/30/2023,10:30,11:30,478677,Horner Park 8 B 4v4,121545,U8C Team Jones/Cosby,,124219,U7U8C SOUTH Team Poutier/Moffett,
164289,4283,U8 Coed,,9/30/2023,10:00,11:15,454850,Robious Middle School 8B 4v4,121547,U8C Team Pavell/Kennedy,,121550,U8C Team Gallagher /Amirshahi,
164290,4283,U8 Coed,,9/30/2023,13:45,15:00,454850,Robious Middle School 8B 4v4,121544,U8C Team Piracci/Mueller,,121546,U8C Team Hall/Lee,
164291,4283,U8 Coed,,9/30/2023,12:30,13:45,454850,Robious Middle School 8B 4v4,121551,U8C Team Horgan/Wahl,,121549,U8C Team Gates/Connell,
164293,4283,U8 Coed,,9/30/2023,15:00,16:15,454850,Robious Middle School 8B 4v4,121552,U8C Team Wright/Davis,,131652,U7U8C SOUTH Team Trivette,
164294,4283,U8 Coed,,9/30/2023,11:15,12:30,454850,Robious Middle School 8B 4v4,137031,U8C Team Helms/Welchel,,121548,U8C Team Hensley,
164295,4283,U8 Coed,,10/7/2023,11:15,12:30,454850,Robious Middle School 8B 4v4,121552,U8C Team Wright/Davis,,131652,U7U8C SOUTH Team Trivette,
164296,4283,U8 Coed,,10/7/2023,10:00,11:15,454850,Robious Middle School 8B 4v4,121545,U8C Team Jones/Cosby,,121546,U8C Team Hall/Lee,
164297,4283,U8 Coed,,10/7/2023,09:30,10:30,478677,Horner Park 8 B 4v4,124219,U7U8C SOUTH Team Poutier/Moffett,,137031,U8C Team Helms/Welchel,
164298,4283,U8 Coed,,10/7/2023,12:30,13:45,454850,Robious Middle School 8B 4v4,121544,U8C Team Piracci/Mueller,,121548,U8C Team Hensley,
164299,4283,U8 Coed,,10/7/2023,13:45,15:00,454850,Robious Middle School 8B 4v4,121551,U8C Team Horgan/Wahl,,117247,U8C Team Swenck,
164300,4283,U8 Coed,,10/7/2023,15:00,16:15,454850,Robious Middle School 8B 4v4,121549,U8C Team Gates/Connell,,121547,U8C Team Pavell/Kennedy,
164302,4283,U8 Coed,,10/14/2023,10:00,11:15,454850,Robious Middle School 8B 4v4,117247,U8C Team Swenck,,124219,U7U8C SOUTH Team Poutier/Moffett,
164303,4283,U8 Coed,,10/14/2023,15:00,16:15,454850,Robious Middle School 8B 4v4,121552,U8C Team Wright/Davis,,121545,U8C Team Jones/Cosby,
164304,4283,U8 Coed,,10/14/2023,11:15,12:30,454850,Robious Middle School 8B 4v4,121548,U8C Team Hensley,,121546,U8C Team Hall/Lee,
164306,4283,U8 Coed,,10/14/2023,12:30,13:45,454850,Robious Middle School 8B 4v4,137031,U8C Team Helms/Welchel,,121544,U8C Team Piracci/Mueller,
164307,4283,U8 Coed,,10/14/2023,13:45,15:00,454850,Robious Middle School 8B 4v4,121550,U8C Team Gallagher /Amirshahi,,121551,U8C Team Horgan/Wahl,
164308,4283,U8 Coed,,10/14/2023,09:30,10:30,478677,Horner Park 8 B 4v4,121547,U8C Team Pavell/Kennedy,,131652,U7U8C SOUTH Team Trivette,
164309,4283,U8 Coed,,10/21/2023,12:30,13:45,454850,Robious Middle School 8B 4v4,121547,U8C Team Pavell/Kennedy,,121551,U8C Team Horgan/Wahl,
164310,4283,U8 Coed,,10/21/2023,11:15,12:30,454850,Robious Middle School 8B 4v4,121552,U8C Team Wright/Davis,,121544,U8C Team Piracci/Mueller,
164311,4283,U8 Coed,,10/21/2023,09:30,10:30,478677,Horner Park 8 B 4v4,121550,U8C Team Gallagher /Amirshahi,,131652,U7U8C SOUTH Team Trivette,
164312,4283,U8 Coed,,10/21/2023,13:45,15:00,454850,Robious Middle School 8B 4v4,121548,U8C Team Hensley,,137031,U8C Team Helms/Welchel,
164313,4283,U8 Coed,,10/21/2023,10:00,11:15,454850,Robious Middle School 8B 4v4,121545,U8C Team Jones/Cosby,,121549,U8C Team Gates/Connell,
164315,4283,U8 Coed,,10/21/2023,15:00,16:15,454850,Robious Middle School 8B 4v4,117247,U8C Team Swenck,,121546,U8C Team Hall/Lee,
164316,4283,U8 Coed,,10/28/2023,11:15,12:30,454850,Robious Middle School 8B 4v4,121552,U8C Team Wright/Davis,,121548,U8C Team Hensley,
164317,4283,U8 Coed,,10/28/2023,12:30,13:45,454850,Robious Middle School 8B 4v4,121550,U8C Team Gallagher /Amirshahi,,121551,U8C Team Horgan/Wahl,
164318,4283,U8 Coed,,10/28/2023,09:30,10:30,478677,Horner Park 8 B 4v4,124219,U7U8C SOUTH Team Poutier/Moffett,,131652,U7U8C SOUTH Team Trivette,
164319,4283,U8 Coed,,10/28/2023,10:00,11:15,454850,Robious Middle School 8B 4v4,117247,U8C Team Swenck,,121547,U8C Team Pavell/Kennedy,
164321,4283,U8 Coed,,10/28/2023,13:45,15:00,454850,Robious Middle School 8B 4v4,121544,U8C Team Piracci/Mueller,,121546,U8C Team Hall/Lee,
164322,4283,U8 Coed,,10/28/2023,15:00,16:15,454850,Robious Middle School 8B 4v4,137031,U8C Team Helms/Welchel,,121549,U8C Team Gates/Connell,
164324,4283,U8 Coed,,11/4/2023,13:45,15:00,454850,Robious Middle School 8B 4v4,121549,U8C Team Gates/Connell,,121548,U8C Team Hensley,
164325,4283,U8 Coed,,11/4/2023,10:00,11:15,454850,Robious Middle School 8B 4v4,121545,U8C Team Jones/Cosby,,117247,U8C Team Swenck,
164326,4283,U8 Coed,,11/4/2023,11:15,12:30,454850,Robious Middle School 8B 4v4,121551,U8C Team Horgan/Wahl,,124219,U7U8C SOUTH Team Poutier/Moffett,
164327,4283,U8 Coed,,11/4/2023,12:30,13:45,454850,Robious Middle School 8B 4v4,121550,U8C Team Gallagher /Amirshahi,,121544,U8C Team Piracci/Mueller,
164330,4275,U6 Girls,,9/9/2023,12:30,13:30,454845,Robious Middle School 9E 3v3,121228,U6G Team Minnick/Nuckols,,123752,U6G Team DeArment/DeWitt/Stout,
164331,4275,U6 Girls,,9/9/2023,10:30,11:30,454845,Robious Middle School 9E 3v3,117258,U6G Team Gomes/Krafcik,,130724,U6G Team Jones,
164332,4275,U6 Girls,,9/9/2023,11:30,12:30,454845,Robious Middle School 9E 3v3,126305,U6G Team Cheatham/Perry,,127533,U6G Team Hardin/Baust,
164333,4275,U6 Girls,,9/9/2023,09:30,10:30,478675,Horner Park 8 A 3v3,127192,U5U6G SOUTH Team Juanarena/Myers Tuesday 5:30 H8B,,125742,U5U6G SOUTH Team Gabehart/Brohl Wednesday 5:30 H8A,
164334,4275,U6 Girls,,9/9/2023,13:30,14:30,454845,Robious Middle School 9E 3v3,123751,U6G Team Minnix,,121389,U6G Team Talley/Fuqua,
164335,4275,U6 Girls,,9/16/2023,09:30,10:30,478675,Horner Park 8 A 3v3,117258,U6G Team Gomes/Krafcik,,125742,U5U6G SOUTH Team Gabehart/Brohl Wednesday 5:30 H8A,
164336,4275,U6 Girls,,9/16/2023,10:30,11:30,454845,Robious Middle School 9E 3v3,127533,U6G Team Hardin/Baust,,123752,U6G Team DeArment/DeWitt/Stout,
164337,4275,U6 Girls,,9/16/2023,11:30,12:30,454845,Robious Middle School 9E 3v3,130724,U6G Team Jones,,121389,U6G Team Talley/Fuqua,
164338,4275,U6 Girls,,9/16/2023,12:30,13:30,454845,Robious Middle School 9E 3v3,126305,U6G Team Cheatham/Perry,,123751,U6G Team Minnix,
164339,4275,U6 Girls,,9/16/2023,13:30,14:30,454845,Robious Middle School 9E 3v3,127192,U5U6G SOUTH Team Juanarena/Myers Tuesday 5:30 H8B,,121228,U6G Team Minnick/Nuckols,
164340,4275,U6 Girls,,9/23/2023,12:30,13:30,454845,Robious Middle School 9E 3v3,121389,U6G Team Talley/Fuqua,,127192,U5U6G SOUTH Team Juanarena/Myers Tuesday 5:30 H8B,
164341,4275,U6 Girls,,9/23/2023,13:30,14:30,454845,Robious Middle School 9E 3v3,126305,U6G Team Cheatham/Perry,,130724,U6G Team Jones,
164342,4275,U6 Girls,,9/23/2023,11:30,12:30,454845,Robious Middle School 9E 3v3,121228,U6G Team Minnick/Nuckols,,117258,U6G Team Gomes/Krafcik,
164343,4275,U6 Girls,,9/23/2023,09:30,10:30,478675,Horner Park 8 A 3v3,125742,U5U6G SOUTH Team Gabehart/Brohl Wednesday 5:30 H8A,,123752,U6G Team DeArment/DeWitt/Stout,
164344,4275,U6 Girls,,9/23/2023,10:30,11:30,454845,Robious Middle School 9E 3v3,123751,U6G Team Minnix,,127533,U6G Team Hardin/Baust,
164345,4275,U6 Girls,,9/30/2023,13:30,14:30,454845,Robious Middle School 9E 3v3,130724,U6G Team Jones,,127192,U5U6G SOUTH Team Juanarena/Myers Tuesday 5:30 H8B,
164346,4275,U6 Girls,,9/30/2023,10:30,11:30,454845,Robious Middle School 9E 3v3,121228,U6G Team Minnick/Nuckols,,126305,U6G Team Cheatham/Perry,
164347,4275,U6 Girls,,9/30/2023,11:30,12:30,454845,Robious Middle School 9E 3v3,123751,U6G Team Minnix,,117258,U6G Team Gomes/Krafcik,
164348,4275,U6 Girls,,9/30/2023,12:30,13:30,454845,Robious Middle School 9E 3v3,123752,U6G Team DeArment/DeWitt/Stout,,121389,U6G Team Talley/Fuqua,
164349,4275,U6 Girls,,9/30/2023,09:30,10:30,478675,Horner Park 8 A 3v3,127533,U6G Team Hardin/Baust,,125742,U5U6G SOUTH Team Gabehart/Brohl Wednesday 5:30 H8A,
164350,4275,U6 Girls,,10/7/2023,09:30,10:30,478675,Horner Park 8 A 3v3,125742,U5U6G SOUTH Team Gabehart/Brohl Wednesday 5:30 H8A,,121228,U6G Team Minnick/Nuckols,
164351,4275,U6 Girls,,10/7/2023,10:30,11:30,454845,Robious Middle School 9E 3v3,117258,U6G Team Gomes/Krafcik,,126305,U6G Team Cheatham/Perry,
164352,4275,U6 Girls,,10/7/2023,11:30,12:30,454845,Robious Middle School 9E 3v3,130724,U6G Team Jones,,121389,U6G Team Talley/Fuqua,
164353,4275,U6 Girls,,10/7/2023,12:30,13:30,454845,Robious Middle School 9E 3v3,127192,U5U6G SOUTH Team Juanarena/Myers Tuesday 5:30 H8B,,127533,U6G Team Hardin/Baust,
164354,4275,U6 Girls,,10/7/2023,13:30,14:30,454845,Robious Middle School 9E 3v3,123751,U6G Team Minnix,,123752,U6G Team DeArment/DeWitt/Stout,
164355,4275,U6 Girls,,10/14/2023,13:30,14:30,454845,Robious Middle School 9E 3v3,130724,U6G Team Jones,,121228,U6G Team Minnick/Nuckols,
164356,4275,U6 Girls,,10/14/2023,10:30,11:30,454845,Robious Middle School 9E 3v3,126305,U6G Team Cheatham/Perry,,127533,U6G Team Hardin/Baust,
164357,4275,U6 Girls,,10/14/2023,12:30,13:30,454845,Robious Middle School 9E 3v3,125742,U5U6G SOUTH Team Gabehart/Brohl Wednesday 5:30 H8A,,123751,U6G Team Minnix,
164358,4275,U6 Girls,,10/14/2023,11:30,12:30,454845,Robious Middle School 9E 3v3,123752,U6G Team DeArment/DeWitt/Stout,,117258,U6G Team Gomes/Krafcik,
164359,4275,U6 Girls,,10/14/2023,09:30,10:30,478675,Horner Park 8 A 3v3,127192,U5U6G SOUTH Team Juanarena/Myers Tuesday 5:30 H8B,,121389,U6G Team Talley/Fuqua,
164360,4275,U6 Girls,,10/21/2023,09:30,10:30,478675,Horner Park 8 A 3v3,127192,U5U6G SOUTH Team Juanarena/Myers Tuesday 5:30 H8B,,127533,U6G Team Hardin/Baust,
164361,4275,U6 Girls,,10/21/2023,10:30,11:30,454845,Robious Middle School 9E 3v3,126305,U6G Team Cheatham/Perry,,123751,U6G Team Minnix,
164362,4275,U6 Girls,,10/21/2023,11:30,12:30,454845,Robious Middle School 9E 3v3,121389,U6G Team Talley/Fuqua,,125742,U5U6G SOUTH Team Gabehart/Brohl Wednesday 5:30 H8A,
164363,4275,U6 Girls,,10/21/2023,12:30,13:30,454845,Robious Middle School 9E 3v3,121228,U6G Team Minnick/Nuckols,,117258,U6G Team Gomes/Krafcik,
164364,4275,U6 Girls,,10/21/2023,13:30,14:30,454845,Robious Middle School 9E 3v3,123752,U6G Team DeArment/DeWitt/Stout,,130724,U6G Team Jones,
164365,4275,U6 Girls,,10/28/2023,09:30,10:30,478675,Horner Park 8 A 3v3,125742,U5U6G SOUTH Team Gabehart/Brohl Wednesday 5:30 H8A,,127192,U5U6G SOUTH Team Juanarena/Myers Tuesday 5:30 H8B,
164366,4275,U6 Girls,,10/28/2023,10:30,11:30,454845,Robious Middle School 9E 3v3,127533,U6G Team Hardin/Baust,,130724,U6G Team Jones,
164367,4275,U6 Girls,,10/28/2023,11:30,12:30,454845,Robious Middle School 9E 3v3,117258,U6G Team Gomes/Krafcik,,121389,U6G Team Talley/Fuqua,
164368,4275,U6 Girls,,10/28/2023,12:30,13:30,454845,Robious Middle School 9E 3v3,123752,U6G Team DeArment/DeWitt/Stout,,126305,U6G Team Cheatham/Perry,
164369,4275,U6 Girls,,10/28/2023,13:30,14:30,454845,Robious Middle School 9E 3v3,121228,U6G Team Minnick/Nuckols,,123751,U6G Team Minnix,
